{
	"partitions" : [
		{
			"name" : "Top",
			"pins" : [
				{
					"name" : "FPGA_PLL",
					"strict" : false
				},
				{
					"name" : "ATTN_DATA",
					"strict" : false
				},
				{
					"name" : "ATTN_CLK",
					"strict" : false
				},
				{
					"name" : "ATTN_LE",
					"strict" : false
				},
				{
					"name" : "ATTN_LE_2",
					"strict" : false
				},
				{
					"name" : "DAC_ALC",
					"strict" : false
				},
				{
					"name" : "DACD[0]",
					"strict" : false
				},
				{
					"name" : "DACD[1]",
					"strict" : false
				},
				{
					"name" : "DACD[2]",
					"strict" : false
				},
				{
					"name" : "DACD[3]",
					"strict" : false
				},
				{
					"name" : "DACD[4]",
					"strict" : false
				},
				{
					"name" : "DACD[5]",
					"strict" : false
				},
				{
					"name" : "DACD[6]",
					"strict" : false
				},
				{
					"name" : "DACD[7]",
					"strict" : false
				},
				{
					"name" : "DACD[8]",
					"strict" : false
				},
				{
					"name" : "DACD[9]",
					"strict" : false
				},
				{
					"name" : "DACD[10]",
					"strict" : false
				},
				{
					"name" : "DACD[11]",
					"strict" : false
				},
				{
					"name" : "DACD[12]",
					"strict" : false
				},
				{
					"name" : "DACD[13]",
					"strict" : false
				},
				{
					"name" : "CDIN",
					"strict" : false
				},
				{
					"name" : "CCS_N",
					"strict" : false
				},
				{
					"name" : "CMOSI",
					"strict" : false
				},
				{
					"name" : "CSCK",
					"strict" : false
				},
				{
					"name" : "PHY_TX[0]",
					"strict" : false
				},
				{
					"name" : "PHY_TX[1]",
					"strict" : false
				},
				{
					"name" : "PHY_TX[2]",
					"strict" : false
				},
				{
					"name" : "PHY_TX[3]",
					"strict" : false
				},
				{
					"name" : "PHY_TX_EN",
					"strict" : false
				},
				{
					"name" : "PHY_RESET_N",
					"strict" : false
				},
				{
					"name" : "ESI",
					"strict" : false
				},
				{
					"name" : "ECS",
					"strict" : false
				},
				{
					"name" : "NCONFIG",
					"strict" : false
				},
				{
					"name" : "ADCMOSI",
					"strict" : false
				},
				{
					"name" : "ADCCLK",
					"strict" : false
				},
				{
					"name" : "ADCCS_N",
					"strict" : false
				},
				{
					"name" : "SPI_SDO",
					"strict" : false
				},
				{
					"name" : "SPI_SCK",
					"strict" : false
				},
				{
					"name" : "SPI_RX_LOAD",
					"strict" : false
				},
				{
					"name" : "FPGA_PTT",
					"strict" : false
				},
				{
					"name" : "VNA_out",
					"strict" : false
				},
				{
					"name" : "ANT",
					"strict" : false
				},
				{
					"name" : "USEROUT0",
					"strict" : false
				},
				{
					"name" : "USEROUT1",
					"strict" : false
				},
				{
					"name" : "USEROUT2",
					"strict" : false
				},
				{
					"name" : "USEROUT3",
					"strict" : false
				},
				{
					"name" : "USEROUT4",
					"strict" : false
				},
				{
					"name" : "USEROUT5",
					"strict" : false
				},
				{
					"name" : "USEROUT6",
					"strict" : false
				},
				{
					"name" : "led1",
					"strict" : false
				},
				{
					"name" : "led2",
					"strict" : false
				},
				{
					"name" : "led3",
					"strict" : false
				},
				{
					"name" : "led4",
					"strict" : false
				},
				{
					"name" : "PHY_MDIO",
					"strict" : false
				},
				{
					"name" : "INA_CLK",
					"strict" : false
				},
				{
					"name" : "_122MHz_in",
					"strict" : false
				},
				{
					"name" : "PHY_CLK125",
					"strict" : false
				},
				{
					"name" : "ESO",
					"strict" : false
				},
				{
					"name" : "KEY_DOT",
					"strict" : false
				},
				{
					"name" : "KEY_DASH",
					"strict" : false
				},
				{
					"name" : "PHY_RX[1]",
					"strict" : false
				},
				{
					"name" : "PHY_RX[0]",
					"strict" : false
				},
				{
					"name" : "PHY_RX[3]",
					"strict" : false
				},
				{
					"name" : "PHY_RX[2]",
					"strict" : false
				},
				{
					"name" : "PHY_RX_DV",
					"strict" : false
				},
				{
					"name" : "PTT",
					"strict" : false
				},
				{
					"name" : "PTT2",
					"strict" : false
				},
				{
					"name" : "INA[12]",
					"strict" : false
				},
				{
					"name" : "INA_2[12]",
					"strict" : false
				},
				{
					"name" : "INA_CLK_2",
					"strict" : false
				},
				{
					"name" : "CDOUT",
					"strict" : false
				},
				{
					"name" : "INA[8]",
					"strict" : false
				},
				{
					"name" : "INA_2[8]",
					"strict" : false
				},
				{
					"name" : "INA[13]",
					"strict" : false
				},
				{
					"name" : "INA_2[13]",
					"strict" : false
				},
				{
					"name" : "INA[9]",
					"strict" : false
				},
				{
					"name" : "INA_2[9]",
					"strict" : false
				},
				{
					"name" : "INA[14]",
					"strict" : false
				},
				{
					"name" : "INA_2[14]",
					"strict" : false
				},
				{
					"name" : "INA[10]",
					"strict" : false
				},
				{
					"name" : "INA_2[10]",
					"strict" : false
				},
				{
					"name" : "INA[15]",
					"strict" : false
				},
				{
					"name" : "INA_2[15]",
					"strict" : false
				},
				{
					"name" : "INA[11]",
					"strict" : false
				},
				{
					"name" : "INA_2[11]",
					"strict" : false
				},
				{
					"name" : "OVERFLOW",
					"strict" : false
				},
				{
					"name" : "OVERFLOW_2",
					"strict" : false
				},
				{
					"name" : "ADCMISO",
					"strict" : false
				},
				{
					"name" : "INA_2[7]",
					"strict" : false
				},
				{
					"name" : "INA[7]",
					"strict" : false
				},
				{
					"name" : "INA_2[6]",
					"strict" : false
				},
				{
					"name" : "INA[6]",
					"strict" : false
				},
				{
					"name" : "INA_2[5]",
					"strict" : false
				},
				{
					"name" : "INA[5]",
					"strict" : false
				},
				{
					"name" : "INA_2[4]",
					"strict" : false
				},
				{
					"name" : "INA[4]",
					"strict" : false
				},
				{
					"name" : "INA_2[3]",
					"strict" : false
				},
				{
					"name" : "INA[3]",
					"strict" : false
				},
				{
					"name" : "INA_2[2]",
					"strict" : false
				},
				{
					"name" : "INA[2]",
					"strict" : false
				},
				{
					"name" : "INA_2[1]",
					"strict" : false
				},
				{
					"name" : "INA[1]",
					"strict" : false
				},
				{
					"name" : "INA_2[0]",
					"strict" : false
				},
				{
					"name" : "INA[0]",
					"strict" : false
				}
			]
		}
	]
}